Title,Date
Madam Secretary: Season 5: Requiem,12/1/19
A Cinderella Story: Christmas Wish,12/1/19
Indiana Jones and the Temple of Doom,12/1/19
Holiday Rush,11/30/19
Unbreakable Kimmy Schmidt: Season 3: Kimmy Learns About the Weather!,11/28/19
Unbreakable Kimmy Schmidt: Season 3: Kimmy Is a Feminist!,11/28/19
The Irishman,11/28/19
Unbreakable Kimmy Schmidt: Season 3: Kimmy Steps on a Crack!,11/28/19
Unbreakable Kimmy Schmidt: Season 3: Kimmy Goes to College!,11/28/19
Unbreakable Kimmy Schmidt: Season 3: Kimmy Can't Help You!,11/28/19
The Tuxedo,11/28/19
High Seas: Season 2: Casandra,11/27/19
Pardes,11/27/19
Botched Up Bodies: Collection 1: Episode 1,11/27/19
The Knight Before Christmas,11/26/19
Limitless,11/26/19
Do Paise Ki Dhoop Chaar Aane Ki Baarish,11/26/19
The Awakening of Motti Wolkenbruch,11/26/19
"Yours, Mine and Ours",11/26/19
Elliot the Littlest Reindeer,11/26/19
Unbreakable Kimmy Schmidt: Season 3: Kimmy's Roommate Lemonades!,11/25/19
Unbreakable Kimmy Schmidt: Season 3: Kimmy Gets Divorced?!,11/23/19
Unbreakable Kimmy Schmidt: Season 2: Kimmy Finds Her Mom!,11/23/19
Unbreakable Kimmy Schmidt: Season 2: Kimmy Sees a Sunset!,11/23/19
Christmas Break-In,11/22/19
Unaccompanied Minors,11/21/19
Inside Bill's Brain: Decoding Bill Gates: Limited Series: Part 1,11/21/19
Perú: Tesoro escondido,11/21/19
Santa Girl,11/21/19
Ancient Aliens: Season 2: Alien Contacts,11/21/19
Flavorful Origins: Yunnan Cuisine: Salted Flour,11/21/19
Flavorful Origins: Yunnan Cuisine: Rice Cake,11/21/19
Dear Santa,11/20/19
Unbreakable Kimmy Schmidt: Season 2: Kimmy Meets a Celebrity!,11/20/19
Nature's Weirdest Events: Series 2: Episode 1,11/20/19
Flavorful Origins: Yunnan Cuisine: Sour Fruits,11/20/19
Flavorful Origins: Yunnan Cuisine: Hardy Banana,11/20/19
Holiday in the Wild,11/20/19
Unbreakable Kimmy Schmidt: Season 2: Kimmy Goes to Her Happy Place!,11/19/19
Unbreakable Kimmy Schmidt: Season 2: Kimmy Meets a Drunk Lady!,11/19/19
Unbreakable Kimmy Schmidt: Season 2: Kimmy Goes to a Hotel!,11/19/19
Christian Mingle,11/19/19
Flavorful Origins: Yunnan Cuisine: Pickled Vegetables,11/18/19
Flavorful Origins: Yunnan Cuisine: Ham,11/18/19
Christmas Survival,11/16/19
Christmas Inheritance,11/16/19
Dangerous Roads: Season 1: Nepal,11/16/19
Christmas in the Heartland,11/16/19
Unbreakable Kimmy Schmidt: Season 2: Kimmy Walks Into a Bar!,11/16/19
Cold Case Files: Season 1: Killings on Christmas Eve,11/15/19
Cold Case Files: Season 1: Little Girl Lost,11/15/19
My Next Guest with David Letterman and Shah Rukh Khan,11/14/19
Holly Star,11/14/19
48 Christmas Wishes,11/13/19
The Holiday Calendar,11/13/19
Kabir Singh,11/13/19
Flavorful Origins: Yunnan Cuisine: Lacquer Seed Oil,11/12/19
Flavorful Origins: Yunnan Cuisine: Sa Piě,11/12/19
Flavorful Origins: Yunnan Cuisine: Nan Piě,11/11/19
Flavorful Origins: Yunnan Cuisine: Dairy Products,11/11/19
Let It Snow,11/11/19
Living with Yourself: Season 1: Nice Knowing You,11/11/19
Living with Yourself: Season 1: Piña Colada,11/11/19
Drive,11/10/19
Sanju,11/8/19
Living with Yourself: Season 1: Neighbors and Friends,11/7/19
Living with Yourself: Season 1: Va Bene,11/7/19
Living with Yourself: Season 1: Soul Mate,11/5/19
Living with Yourself: Season 1: Green Tea,11/4/19
Living with Yourself: Season 1: Made in a Strip Mall,11/4/19
Eat Pray Love,11/1/19
Living with Yourself: Season 1: The Best You Can Be,10/28/19
In the Shadow of the Moon,10/28/19
Ancient Aliens: Season 2: Alien Tech,10/25/19
Criminal: UK: Season 1: Jay,10/25/19
Criminal: UK: Season 1: Stacey,10/24/19
Criminal: UK: Season 1: Edgar,10/23/19
Time Trap,10/23/19
Fractured,10/22/19
The Code: Season 1: Episode 1,10/21/19
The Laundromat,10/20/19
The Blacklist: Season 6: Robert Diaz (No. 15),10/18/19
The Blacklist: Season 6: Anna McMahon (No. 60),10/18/19
The Blacklist: Season 6: Guillermo Rizal (No. 128),10/17/19
The Blacklist: Season 6: Rassvet,10/16/19
The Blacklist: Season 6: The Brockton College Killer (No. 92),10/16/19
The Blacklist: Season 6: The Third Estate (No. 136),10/16/19
Ancient Aliens: Season 2: Aliens and the Third Reich,10/15/19
The Blacklist: Season 6: Lady Luck (No. 69),10/15/19
The Blacklist: Season 6: Olivia Olson (No. 115),10/15/19
The Blacklist: Season 6: The Osterman Umbrella Company (No. 6),10/14/19
The Blacklist: Season 6: Robert Vesco (No. 9),10/14/19
The Blacklist: Season 6: Bastien Moreau (no. 20): Conclusion,10/14/19
The Blacklist: Season 6: Bastien Moreau (no. 20),10/14/19
The Blacklist: Season 6: The Cryptobanker (No. 160),10/11/19
Ancient Aliens: Season 2: Underground Aliens,10/10/19
Ancient Aliens: Season 2: Underwater Worlds,10/10/19
Ancient Aliens: Season 2: Gods & Aliens,10/10/19
The Blacklist: Season 6: Minister D (No. 99),10/9/19
The Blacklist: Season 6: Marko Jankowics (No. 58),10/9/19
The Blacklist: Season 6: General Shiro (No. 116),10/9/19
The Blacklist: Season 6: The Ethicist (No. 91),10/9/19
The Blacklist: Season 6: Alter Ego (No. 131),10/9/19
The Blacklist: Season 6: The Pawnbrokers (No. 146/147),10/8/19
The Blacklist: Season 6: The Pharmacist (No. 124),10/3/19
Ancient Aliens: Season 2: Mysterious Places,10/3/19
The Blacklist: Season 6: The Corsican (No. 20),10/2/19
Bard of Blood: Season 1: My Stronger Guilt Defeats My Strong Intent,10/2/19
Bard of Blood: Season 1: Heat Not a Furnace for Your Foe So Hot That It Do Singe Yourself,10/2/19
Bard of Blood: Season 1: Fight Fire With Fire,10/2/19
"Bard of Blood: Season 1: Love All, Trust a Few, Do Wrong to None",10/1/19
Bard of Blood: Season 1: So Quick Bright Things Come to Confusion,10/1/19
"Bard of Blood: Season 1: When Sorrows Come, They Come Not Single Spies, but in Battalions",10/1/19
Bard of Blood: Season 1: What's Past is Prologue,10/1/19
The Blacklist: Season 6: Dr. Hans Kohler (No. 33),9/27/19
Bunk'd: Season 1: Camp Rules!,9/19/19
Unbelievable: Limited Series: Episode 8,9/19/19
Unbelievable: Limited Series: Episode 7,9/19/19
Unbelievable: Limited Series: Episode 6,9/19/19
Unbelievable: Limited Series: Episode 5,9/19/19
Unbelievable: Limited Series: Episode 4,9/19/19
Unbelievable: Limited Series: Episode 3,9/19/19
Unbelievable: Limited Series: Episode 2,9/19/19
Unbelievable: Limited Series: Episode 1,9/19/19
Family Reunion: Part 1: Remember When Our Boys Became Men?,9/19/19
I'm Sorry: Season 1: Butt Bumpers,9/19/19
"The Mind, Explained: Limited Series: Memory",9/19/19
Unbreakable Kimmy Schmidt: Season 2: Kimmy Drives a Car!,9/18/19
Unbreakable Kimmy Schmidt: Season 2: Kimmy Gives Up!,9/18/19
Unbreakable Kimmy Schmidt: Season 2: Kimmy Kidnaps Gretchen!,9/18/19
Dangal,9/16/19
Bringing Sexy Back: Season 1: Episode 5,9/16/19
Bringing Sexy Back: Season 1: Episode 8,9/16/19
Unbreakable Kimmy Schmidt: Season 2: Kimmy Goes to a Play!,9/16/19
A Christmas Prince: The Royal Wedding,9/16/19
The Christmas Chronicles,9/14/19
Mariah Carey's Merriest Christmas,9/14/19
Prince of Peoria: A Christmas Moose Miracle,9/14/19
Believe,9/14/19
Angels in the Snow,9/13/19
A Christmas Prince,9/13/19
Christmas with the Kranks,9/13/19
Secret Obsession,9/11/19
The Good Place: Season 1: Tahani Al-Jamil,9/10/19
The Good Place: Season 1: Flying,9/10/19
The Good Place: Season 1: Everything Is Fine,9/9/19
Socha Na Tha,9/9/19
End Game,9/9/19
The Toys That Made Us: Season 2: Star Trek,9/9/19
Secrets of Althorp - The Spencers,9/9/19
Minimalism: A Documentary About the Important Things,9/9/19
Coco,9/9/19
Unbreakable Kimmy Schmidt: Season 2: Kimmy Goes on a Playdate!,9/9/19
National Treasure,9/8/19
The Lord of the Rings: The Return of the King,9/8/19
Selfless,9/8/19
Article 15,9/8/19
WHAT / IF: Part I: What History,9/7/19
WHAT / IF: Part I: What Next,9/7/19
The 100: Season 6: The Blood of Sanctum,9/7/19
The 100: Season 6: Adjustment Protocol,9/7/19
Regiment Diaries: Season 1: Episode 7,9/6/19
Regiment Diaries: Season 1: Episode 6,9/6/19
Regiment Diaries: Season 1: Episode 5,9/6/19
Grace and Frankie: Season 1: The Credit Cards,9/5/19
Regiment Diaries: Season 1: Episode 4,9/5/19
Regiment Diaries: Season 1: Episode 3,9/5/19
Regiment Diaries: Season 1: Episode 2,9/5/19
Regiment Diaries: Season 1: Episode 1,9/5/19
Shaurya: It Takes Courage to Make Right... Right,9/5/19
Unbreakable Kimmy Schmidt: Season 2: Kimmy Goes Roller Skating!,9/5/19
Gour Hari Dastaan: The Freedom File,9/4/19
My Sister's Keeper,9/4/19
Unbreakable Kimmy Schmidt: Season 1: Kimmy Makes Waffles!,9/3/19
Unbreakable Kimmy Schmidt: Season 1: Kimmy Goes to Court!,9/3/19
Unbreakable Kimmy Schmidt: Season 1: Kimmy Rides a Bike!,9/3/19
Ferrari Ki Sawaari,9/3/19
Unbreakable Kimmy Schmidt: Season 1: Kimmy's in a Love Triangle!,9/3/19
Unbreakable Kimmy Schmidt: Season 1: Kimmy Has a Birthday!,9/3/19
Unbreakable Kimmy Schmidt: Season 1: Kimmy is Bad at Math!,9/3/19
Unbreakable Kimmy Schmidt: Season 1: Kimmy Goes to a Party!,9/3/19
Unbreakable Kimmy Schmidt: Season 1: Kimmy Goes to School!,9/3/19
Unbreakable Kimmy Schmidt: Season 1: Kimmy Kisses a Boy!,9/3/19
Unbreakable Kimmy Schmidt: Season 1: Kimmy Goes to the Doctor!,9/3/19
Unbreakable Kimmy Schmidt: Season 1: Kimmy Goes on a Date!,9/3/19
Unbreakable Kimmy Schmidt: Season 1: Kimmy Gets a Job!,9/3/19
Unbreakable Kimmy Schmidt: Season 1: Kimmy Goes Outside!,9/3/19
Game Over (Hindi Version),9/3/19
Falling Inn Love,9/1/19
The Pink Panther 2,8/31/19
The Pink Panther,8/30/19
The 100: Season 6: Ashes to Ashes,8/30/19
Saving Mr. Banks,8/30/19
The 100: Season 6: Matryoshka,8/30/19
Ainsley Eats the Streets: Season 1: Istanbul,8/29/19
Singapore,8/29/19
The 100: Season 6: What You Take With You,8/29/19
Gilmore Girls: Season 1: Rory's Dance,8/29/19
Amrapali,8/29/19
Shararat,8/29/19
The 100: Season 6: The Old Man and the Anomaly,8/29/19
The 100: Season 6: Nevermind,8/29/19
Andaz Apna Apna,8/28/19
Darna Mana Hai,8/28/19
The 100: Season 6: Memento Mori,8/28/19
The 100: Season 6: The Gospel of Josephine,8/27/19
Monty Don's French Gardens: Season 1: Gardens of Power and Passion,8/27/19
Dangerous Roads: Season 1: Alaska,8/27/19
The World's Worst Disasters: Season 1: Killer Volcanoes,8/27/19
The House That Made Me: Season 3: Harbhajan Singh,8/27/19
The House That Made Me: Season 3: Nawazuddin Siddiqui,8/27/19
The House That Made Me: Season 2: Sarika,8/27/19
The House That Made Me: Season 2: Terence Lewis,8/27/19
The House That Made Me: Season 2: Mary Kom,8/27/19
The House That Made Me: Season 2: Kailash Kher,8/27/19
The House That Made Me: Season 3: Javed Akhtar,8/27/19
The House That Made Me: Season 2: Irrfan Khan,8/27/19
The House That Made Me: Season 1: Govinda,8/27/19
The 100: Season 6: The Face Behind the Glass,8/27/19
The 100: Season 6: The Children of Gabriel,8/27/19
The House That Made Me: Season 2: Prem Chopra,8/26/19
The House That Made Me: Season 3: Jeetendra,8/26/19
The House That Made Me: Season 3: Sanjeev Kapoor,8/26/19
The House That Made Me: Season 3: Alka Yagnik,8/26/19
The House That Made Me: Season 1: Dharmendra,8/26/19
The House That Made Me: Season 1: Remo Dsouza,8/26/19
The House That Made Me: Season 1: Sakshi Tanwar,8/26/19
The House That Made Me: Season 1: Salim-Sulaiman,8/26/19
The House That Made Me: Season 1: Ila Arun,8/26/19
The House That Made Me: Season 1: Shaan,8/26/19
The House That Made Me: Season 1: Ratna Pathak Shah,8/26/19
The House That Made Me: Season 1: Waheeda Rehman,8/26/19
13 Reasons Why: Season 2: Two Girls Kissing,8/26/19
Uyare,8/26/19
Man vs Wild with Sunny Leone: Season 1: Borneo,8/26/19
The Casketeers: Season 1: Episode 1,8/26/19
The World's Most Extraordinary Homes: Season 2 Part B: Spain,8/26/19
Khoon Khoon,8/26/19
Designated Survivor: Season 2: Equilibrium,8/26/19
Kim's Convenience: Season 1: Gay Discount,8/26/19
Grand Designs: Season 10: Southern Ireland,8/26/19
The House That Made Me: Season 1: Irfan Pathan,8/25/19
Elaan,8/25/19
American Factory,8/25/19
The 100: Season 6: Red Sun Rising,8/24/19
Rumor Has It...,8/23/19
The 100: Season 6: Sanctum,8/23/19
Mauli,8/23/19
Teen Patti,8/23/19
Cable Girls: Season 1: Chapter 2: Memories,8/23/19
Designated Survivor: Season 2: Outbreak,8/22/19
Diana: 7 Days That Shook the World,8/22/19
Elizabeth at 90: A Family Tribute,8/22/19
The Royal House of Windsor: Season 1: Adapt or Die,8/22/19
Civilizations: Season 1: How Do We Look?,8/22/19
Civilizations: Season 1: The Second Moment of Creation,8/22/19
World's Busiest Cities: Season 1: Hong Kong,8/22/19
World's Busiest Cities: Season 1: Delhi,8/21/19
World's Busiest Cities: Season 1: Moscow,8/21/19
C Kkompany,8/21/19
Aashayein,8/21/19
World's Busiest Cities: Season 1: Mexico,8/21/19
Designated Survivor: Season 2: Sting of the Tail,8/21/19
Designated Survivor: Season 2: One Year In,8/21/19
Designated Survivor: Season 1: Brace for Impact,8/21/19
Sacred Games: Season 2: Radcliffe,8/20/19
Designated Survivor: Season 1: Bombshell,8/20/19
Designated Survivor: Season 1: Misalliance,8/20/19
Designated Survivor: Season 1: Lazarus,8/20/19
Designated Survivor: Season 1: The Ninth Seat,8/20/19
Designated Survivor: Season 1: Party Lines,8/20/19
Designated Survivor: Season 1: One Hundred Days,8/20/19
Sacred Games: Season 2: Torino,8/20/19
Sacred Games: Season 2: Azrael,8/20/19
Designated Survivor: Season 1: Commander-in-Chief,8/19/19
Sacred Games: Season 2: Vikarna,8/19/19
Sacred Games: Season 2: Bardo,8/19/19
Designated Survivor: Season 1: Backfire,8/17/19
Designated Survivor: Season 1: The End of the Beginning,8/17/19
Designated Survivor: Season 1: Warriors,8/17/19
Designated Survivor: Season 1: The Oath,8/17/19
Designated Survivor: Season 1: The Blueprint,8/16/19
Designated Survivor: Season 1: The Results,8/16/19
Designated Survivor: Season 1: The Traitor,8/16/19
Sacred Games: Season 2: Apasmara,8/16/19
Sacred Games: Season 2: Siduri,8/16/19
Designated Survivor: Season 1: The Interrogation,8/16/19
Designated Survivor: Season 1: The Mission,8/16/19
Sacred Games: Season 2: Matsya,8/16/19
Designated Survivor: Season 1: The Enemy,8/15/19
Designated Survivor: Season 1: The Confession,8/15/19
Designated Survivor: Season 1: The First Day,8/15/19
The Family: Limited Series: New World Order,8/15/19
The Family: Limited Series: Chosen,8/15/19
Designated Survivor: Season 1: Pilot,8/15/19
Stories by Rabindranath Tagore: Season 1: Episode 2,8/15/19
Top 10 Secrets and Mysteries: Season 2: Nature's Magic,8/15/19
Top 10 Secrets and Mysteries: Season 2: People Without Identity,8/15/19
Trump: An American Dream: Season 1: Manhattan,8/15/19
Heartland: Season 1: Coming Home,8/15/19
I'm Sorry: Season 1: Divorce Fantasy,8/15/19
15-Aug,8/15/19
The Family: Limited Series: Submersion,8/15/19
Chup Chup Ke,8/14/19
Waiting,8/14/19
Another Life: Season 1: Hello,8/14/19
Another Life: Season 1: Heart and Soul,8/14/19
Ek Hasina Thi,8/13/19
Another Life: Season 1: How the Light Gets Lost,8/13/19
Bhaage Re Mann: Season 1: Episode 1,8/12/19
Another Life: Season 1: Living the Dream,8/12/19
Krutant,8/12/19
Another Life: Season 1: I Think We're Alone Now,8/12/19
Wu Assassins: Season 1: Drunken Watermelon,8/11/19
Badla,8/10/19
Alibaba Aur 40 Chor,8/9/19
Another Life: Season 1: A Mind of its Own,8/9/19
I Am,8/9/19
Bhaage Re Mann: Season 1: Episode 49,8/9/19
Bhaage Re Mann: Season 1: Episode 48,8/9/19
Bhaage Re Mann: Season 1: Episode 47,8/9/19
Bhaage Re Mann: Season 1: Episode 46,8/9/19
Another Life: Season 1: Guilt Trip,8/9/19
Another Life: Season 1: Nervous Breakdown,8/9/19
Bhaage Re Mann: Season 1: Episode 45,8/8/19
Bhaage Re Mann: Season 1: Episode 44,8/8/19
Madam Secretary: Season 5: The Magic Rake,8/8/19
Madam Secretary: Season 5: The Chaos Game,8/8/19
Madam Secretary: Season 5: E Pluribus Unum,8/8/19
Another Life: Season 1: Through the Valley of Shadows,8/8/19
Family Reunion: Part 1: Remember Black Elvis?,8/8/19
Another Life: Season 1: Across the Universe,8/8/19
Bhaage Re Mann: Season 1: Episode 43,8/8/19
Otherhood,8/8/19
Bhaage Re Mann: Season 1: Episode 42,8/7/19
Bhaage Re Mann: Season 1: Episode 41,8/7/19
Bhaage Re Mann: Season 1: Episode 40,8/7/19
Bhaage Re Mann: Season 1: Episode 39,8/7/19
Bhaage Re Mann: Season 1: Episode 38,8/7/19
Bhaage Re Mann: Season 1: Episode 37,8/7/19
Bhaage Re Mann: Season 1: Episode 36,8/7/19
Bhaage Re Mann: Season 1: Episode 35,8/7/19
Bhaage Re Mann: Season 1: Episode 34,8/7/19
Bhaage Re Mann: Season 1: Episode 33,8/7/19
Bhaage Re Mann: Season 1: Episode 32,8/7/19
The Red Sea Diving Resort,8/6/19
Stranger Things: Stranger Things 3: Chapter Eight: The Battle of Starcourt,8/6/19
Bhaage Re Mann: Season 1: Episode 31,8/6/19
Stranger Things: Stranger Things 3: Chapter Seven: The Bite,8/6/19
Stranger Things: Stranger Things 3: Chapter Six: E Pluribus Unum,8/5/19
Stranger Things: Stranger Things 3: Chapter Five: The Flayed,8/5/19
MI-5,8/5/19
Stranger Things: Stranger Things 3: Chapter Four: The Sauna Test,8/5/19
Bhaage Re Mann: Season 1: Episode 30,8/5/19
Bhaage Re Mann: Season 1: Episode 29,8/5/19
Bhaage Re Mann: Season 1: Episode 28,8/4/19
Bhaage Re Mann: Season 1: Episode 27,8/4/19
Wazir,8/4/19
Stranger Things: Stranger Things 3: Chapter Three: The Case of the Missing Lifeguard,8/2/19
Gilmore Girls: Season 1: Love & War & Snow,8/2/19
Bhaage Re Mann: Season 1: Episode 26,8/2/19
Bhaage Re Mann: Season 1: Episode 25,8/2/19
Bhaage Re Mann: Season 1: Episode 24,8/2/19
Stranger Things: Stranger Things 3: Chapter Two: The Mall Rats,8/2/19
Bhaage Re Mann: Season 1: Episode 23,8/1/19
Bhaage Re Mann: Season 1: Episode 22,8/1/19
Bhaage Re Mann: Season 1: Episode 21,8/1/19
Bhaage Re Mann: Season 1: Episode 20,8/1/19
Typewriter: Season 1: Chapter 1: Four Kids and a Dog,8/1/19
Bhaage Re Mann: Season 1: Episode 19,8/1/19
Bhaage Re Mann: Season 1: Episode 18,8/1/19
Bhaage Re Mann: Season 1: Episode 17,8/1/19
Bhaage Re Mann: Season 1: Episode 16,8/1/19
Bhaage Re Mann: Season 1: Episode 15,8/1/19
Bhaage Re Mann: Season 1: Episode 14,8/1/19
Bhaage Re Mann: Season 1: Episode 13,8/1/19
"Stranger Things: Stranger Things 3: Chapter One: Suzie, Do You Copy?",8/1/19
Bhaage Re Mann: Season 1: Episode 12,7/31/19
The Great Hack,7/31/19
Bhaage Re Mann: Season 1: Episode 11,7/31/19
Bhaage Re Mann: Season 1: Episode 10,7/31/19
Bhaage Re Mann: Season 1: Episode 9,7/31/19
Bhaage Re Mann: Season 1: Episode 8,7/31/19
Bhaage Re Mann: Season 1: Episode 7,7/31/19
Bhaage Re Mann: Season 1: Episode 6,7/31/19
Bhaage Re Mann: Season 1: Episode 5,7/31/19
Bhaage Re Mann: Season 1: Episode 4,7/31/19
Bhaage Re Mann: Season 1: Episode 3,7/31/19
Bhaage Re Mann: Season 1: Episode 2,7/31/19
Exhibit A: Season 1: Video Forensics,7/29/19
Emma,7/29/19
Rustom,7/29/19
Workin' Moms: Season 2: 2005,7/29/19
When Calls the Heart: Season 5: Close to My Heart,7/29/19
Good Witch: Season 4: Tossing the Bouquet,7/27/19
Good Witch: Season 4: How to Make a Middleton Quilt,7/27/19
Good Witch: Season 4: All Dressed Up,7/27/19
When Calls the Heart: Season 5: In My Dreams,7/27/19
When Calls the Heart: Season 5: Weather the Storm,7/26/19
When Calls the Heart: Season 5: Heart of the Matter,7/26/19
When Calls the Heart: Season 5: Love and Marriage,7/26/19
When Calls the Heart: Season 5: My Heart Is Yours,7/26/19
When Calls the Heart: Season 5: Open Hearts,7/26/19
When Calls the Heart: Season 5: Home Is Where the Heart Is,7/26/19
When Calls the Heart: Season 5: Hearts and Minds,7/26/19
The Blue Umbrella,7/25/19
When Calls the Heart: Season 5: Believing,7/25/19
When Calls the Heart: Season 5: The Christmas Wishing Tree,7/25/19
Bucket List,7/24/19
Yaadein,7/24/19
Paheli,7/24/19
Baahubali 2: The Conclusion (Hindi Version),7/24/19
Bogda,7/23/19
"Schitt's Creek: Season 1: Don't Worry, It's His Sister",7/22/19
Schitt's Creek: Season 1: The Drip,7/22/19
Schitt's Creek: Season 1: Our Cup Runneth Over,7/22/19
Family Reunion: Part 1: Remember Macho Mazzi?,7/22/19
Family Reunion: Part 1: Remember the First Day of School?,7/22/19
Gilmore Girls: A Year in the Life: Limited Series: Winter,7/22/19
Intersection: Season 1: Episode 1,7/22/19
Family Reunion: Part 1: Remember That Crazy Road Trip?,7/22/19
Bonus Family: Season 1: Episode 1,7/20/19
Good Witch: Season 4: Til Death Do Us Part,7/20/19
Free Rein: Season 3: Wild Horses,7/19/19
We Are Family,7/19/19
Cheapest Weddings: Season 1: Episode 1,7/19/19
Bunk'd: Season 1: Gone Girl,7/19/19
Bunk'd: Season 1: Welcome to Camp Kikiwaka,7/19/19
NOVA: Killer Floods,7/19/19
Tidying Up with Marie Kondo: Season 1: Empty Nesters,7/19/19
"Amazing Interiors: Season 1: Chicago Cubs Cave, Aquarium House, The Love Boat",7/19/19
Tales of the City: Limited Series: Coming Home,7/19/19
Smart People,7/19/19
Bringing Sexy Back: Season 1: Episode 7,7/17/19
Tum Milo Toh Sahi,7/17/19
Frasier: Season 1: The Good Son (Pilot),7/17/19
Family Reunion: Part 1: Remember Grace Under Fire?,7/16/19
Family Reunion: Part 1: Remember When I Lost My Sister?,7/16/19
Family Reunion: Part 1: Remember Vacation Bible School?,7/16/19
Gilmore Girls: Season 1: Kiss and Tell,7/16/19
Gilmore Girls: Season 1: Rory's Birthday Parties,7/16/19
Gilmore Girls: Season 1: Cinnamon's Wake,7/16/19
Zindagi Gulzar Hai: Season 1: Episode 2,7/16/19
Dead to Me: Season 1: Pilot,7/16/19
About a Boy,7/16/19
Julie & Julia,7/16/19
NOVA: Bird Brain,7/15/19
Good Witch: Season 4: Match Game,7/15/19
Good Witch: Season 4: Written Like a Merriwick,7/15/19
Gilmore Girls: Season 1: The Deer Hunters,7/14/19
Gilmore Girls: Season 1: Kill Me Now,7/14/19
Gilmore Girls: Season 1: The Lorelais' First Day at Chilton,7/13/19
I Am Mother,7/13/19
Charlie and the Chocolate Factory,7/12/19
The Office (U.S.): Season 1: Pilot,7/12/19
Good Witch: Season 4: Family Time,7/12/19
The Student,7/12/19
Mary Poppins Returns,7/12/19
Family Reunion: Part 1: Remember Charlie Wilson?,7/12/19
Family Reunion: Part 1: Remember How This All Started?,7/12/19
Good Witch: Season 4: Daddy's Home,7/12/19
"Good Witch: Season 4: In 4/4, with Emotion",7/12/19
Good Witch: Season 4: With This Ring,7/11/19
"Good Witch: Season 4: The Halloween Prophecy, Part 2",7/11/19
The Wrong Babysitter,7/11/19
"Good Witch: Season 4: The Halloween Prophecy, Part 1",7/11/19
Bringing Sexy Back: Season 1: Episode 6,7/10/19
The Rain: Season 1: Have Faith,7/10/19
The Rain: Season 1: Trust No One,7/10/19
The Rain: Season 1: Avoid the City,7/9/19
706,7/8/19
Romeo Akbar Walter,7/7/19
Force 2,7/7/19
High Seas: Season 1: Sofía,7/3/19
Dark: Season 2: Beginnings and Endings,6/28/19
The Order: Season 1: Homecoming: Part 1,6/20/19
The Order: Season 1: Introduction to Ethics: Part 2,6/20/19
The Order: Season 1: Introduction to Ethics: Part 1,6/19/19
Pihu,6/18/19
The Order: Season 1: Hell Week: Part 2,6/17/19
The Order: Season 1: Hell Week: Part 1,6/17/19
Murder Mystery,6/17/19
The Perfect Date,6/17/19
Middle School: The Worst Years of My Life,6/17/19
WHAT / IF: Part I: What Drama,6/16/19
WHAT / IF: Part I: What Happened,6/16/19
WHAT / IF: Part I: What Now,6/16/19
WHAT / IF: Part I: Pilot,6/15/19
Once Upon a Time in Mumbaai,6/15/19
"Ascension: Chapter Three, Part 2",6/15/19
"Ascension: Chapter Three, Part 1",6/15/19
"Ascension: Chapter Two, Part 2",6/15/19
Secretariat,6/14/19
Kuchh Bheege Alfaaz,6/14/19
"Ascension: Chapter Two, Part 1",6/13/19
"Ascension: Chapter One, Part 2",6/13/19
"Ascension: Chapter One, Part 1",6/13/19
Beyond the Clouds,6/13/19
The Rain: Season 1: Stay Together,6/13/19
Daddy Day Care,6/12/19
High Seas: Season 1: Cain,6/12/19
Luka Chuppi,6/12/19
High Seas: Season 1: Three Hours,6/11/19
The Rain: Season 1: Stay Inside,6/11/19
Designated Survivor: Season 3: #truthorconsequences,6/10/19
Designated Survivor: Season 3: #undecided,6/9/19
Designated Survivor: Season 3: #scaredsh*tless,6/9/19
Designated Survivor: Season 3: #identity/crisis,6/9/19
Designated Survivor: Season 3: #whocares,6/8/19
Designated Survivor: Season 3: #nothingpersonal,6/8/19
Designated Survivor: Season 3: #makehistory,6/8/19
Designated Survivor: Season 3: #privacyplease,6/8/19
Designated Survivor: Season 3: #slipperyslope,6/7/19
Designated Survivor: Season 3: #thesystemisbroken,6/7/19
Dolphin Kick,6/7/19
Cake,6/7/19
What a Girl Wants,6/7/19
High Seas: Season 1: 527 L.,6/6/19
Chopsticks,6/5/19
High Seas: Season 1: The Storm,6/3/19
High Seas: Season 1: Change of Destination,6/3/19
EMI: Liya Hai To Chukana Padega,6/3/19
High Seas: Season 1: The Rings,6/2/19
High Seas: Season 1: The Albatross,6/2/19
Mission Istaanbul: Darr Ke Aagey Jeet Hai,6/2/19
Marvel's Agents of S.H.I.E.L.D.: Season 4: Deals with Our Devils,6/2/19
Nasha,6/2/19
The Flash: Season 5: Failure is an Orphan,6/1/19
The Flash: Season 5: King Shark Vs Gorilla Grodd,6/1/19
Thackeray: Collection: Marathi,6/1/19
The Flash: Season 5: Cause and XS,5/31/19
The Flash: Season 5: Goldfaced,5/31/19
Mere Pyare Prime Minister,5/31/19
The Flash: Season 5: Memorabilia,5/30/19
The Flash: Season 5: Seeing Red,5/30/19
"The Flash: Season 5: The	Flash & The Furious",5/29/19
The Flash: Season 5: Elseworlds: Hour One,5/29/19
The Flash: Season 5: What's Past Is Prologue,5/29/19
Thackeray: Collection: Hindi,5/28/19
"The Flash: Season 5: O Come,	 All Ye Thankful",5/28/19
The Flash: Season 5: The Icicle Cometh,5/28/19
Malibu Rescue,5/28/19
Zero,5/28/19
The Flash: Season 5: All Doll'd Up,5/27/19
The Flash: Season 5: News Flash,5/27/19
Ek Ladki Ko Dekha Toh Aisa Laga,5/26/19
Impractical Jokers: Season 1: Unmotivational Speaker,5/25/19
Impractical Jokers: Season 1: Butterfly Crime Scene,5/24/19
Impractical Jokers: Season 1: Pay It Forward,5/24/19
The Flash: Season 5: The Death of Vibe,5/24/19
The Flash: Season 5: Blocked,5/24/19
The Flash: Season 5: Nora,5/24/19
Khotey Sikkey: Season 1: Terrorist fails 'Mission Complete',5/23/19
Khotey Sikkey: Season 1: Terrorist Yakoo Abdulla hijacks the college,5/22/19
Khotey Sikkey: Season 1: Police succeeds in trapping Kamath brothers,5/22/19
Life Ki Toh Lag Gayi,5/22/19
Khotey Sikkey: Season 1: Case of missing diamonds and Kamath brothers,5/21/19
Khotey Sikkey: Season 1: Actor Vivan gets arrested in Rehana's case,5/21/19
Khotey Sikkey: Season 1: The case of fake painter,5/21/19
Khotey Sikkey: Season 1: Case of MLA Ashok Rao,5/21/19
2 States,5/21/19
Big Miracle,5/21/19
Hamid,5/21/19
Kyaa Kool Hai Hum,5/20/19
Shootout at Lokhandwala,5/20/19
Olympus Has Fallen,5/19/19
In Family I Trust,5/17/19
Khotey Sikkey: Season 1: MLA Ashok Rao gets murdered in Williamson Hotel,5/16/19
Khotey Sikkey: Season 1: Case of missing kid Ravi,5/16/19
Chasing Liberty,5/16/19
Khotey Sikkey: Season 1: Murder of a socialite,5/15/19
Casper,5/15/19
Mr. Mom,5/14/19
The Bishop's Wife,5/13/19
Khotey Sikkey: Season 1: Inspector Deshmukh solves the puzzle mystery,5/13/19
I'm Sorry: Season 1: Too Slow,5/13/19
I'm Sorry: Season 1: Acts of Service,5/13/19
Music Teacher,5/13/19
Khotey Sikkey: Season 1: A puzzle in Deshmukh's case,5/12/19
Khotey Sikkey: Season 1: Bride Jyoti gets killed on marriage day,5/12/19
Khotey Sikkey: Season 1: Vinay Chaudhary kills Laila in cards party,5/12/19
Khotey Sikkey: Season 1: Diksha returns home but kidnapper is missing,5/10/19
Khotey Sikkey: Season 1: Kidnapping case of Rakesh Mittal's daughter Diksha,5/10/19
Khotey Sikkey: Season 1: Aditi Rawal's death due to overdose of drugs,5/10/19
I'm Sorry: Season 1: Goddess Party,5/10/19
I'm Sorry: Season 1: Ass Cubes,5/10/19
I'm Sorry: Season 1: Racist Daughter,5/10/19
Khotey Sikkey: Season 1: The case of missing organs from patient's body,5/9/19
Strangers,5/8/19
I'm Sorry: Season 1: Pilot,5/8/19
Unicorn Store,5/8/19
Khotey Sikkey: Season 1: The racket of illegal guns,5/7/19
Khotey Sikkey: Season 1: The case of Rahul Kamlakar who killed Diwakar,5/7/19
Workin' Moms: Season 1: Finale,5/7/19
The Last Summer,5/7/19
Roman Empire: Julius Caesar: Master of Rome: The Ides of March,5/6/19
Selection Day: Season 1: Episode 12,5/6/19
Selection Day: Season 1: Episode 11,5/6/19
Selection Day: Season 1: Episode 10,5/6/19
Shabd,5/6/19
Imposters: Season 1: My So-Called Wife,5/6/19
Selection Day: Season 1: Episode 9,5/6/19
Get Smart,5/5/19
Selection Day: Season 1: Episode 8,5/4/19
Selection Day: Season 1: Episode 7,5/4/19
Roman Empire: Julius Caesar: Master of Rome: Queen of the Nile,5/4/19
Roman Empire: Julius Caesar: Master of Rome: Crossing the Rubicon,5/4/19
Roman Empire: Julius Caesar: Master of Rome: The Great Conqueror,5/4/19
Roman Empire: Julius Caesar: Master of Rome: The Triumvirate,5/4/19
Khotey Sikkey: Season 1: Deshmukh succeeds in arresting Joker,5/3/19
Khotey Sikkey: Season 1: The case of Joker the thief,5/3/19
"Street Food: Volume 1: Asia: Osaka, Japan",5/1/19
"Street Food: Volume 1: Asia: Bangkok, Thailand",5/1/19
Pinky Memsaab,5/1/19
Bollywood Calling,5/1/19
Roman Empire: Caligula: The Mad Emperor: Descent into Madness,4/30/19
P.S. I Love You,4/30/19
Roman Empire: Caligula: The Mad Emperor: In Search of an Heir,4/28/19
The Protector: Season 2: Episode 2,4/27/19
The Protector: Season 2: Episode 1,4/27/19
Roman Empire: Caligula: The Mad Emperor: A New Hope,4/27/19
Roman Empire: Caligula: The Mad Emperor: The Rightful Heir,4/27/19
Roman Empire: Commodus: Reign of Blood: 14 Days of Blood,4/27/19
A Little Chaos,4/23/19
Jhankaar Beats,4/20/19
Roman Empire: Commodus: Reign of Blood: Fight for Glory,4/20/19
Roman Empire: Commodus: Reign of Blood: Rome is Burning,4/20/19
Roman Empire: Commodus: Reign of Blood: Enemy of the Senate,4/20/19
Special 26,4/19/19
Roman Empire: Commodus: Reign of Blood: The Making of an Emperor,4/17/19
Roman Empire: Commodus: Reign of Blood: Born in the Purple,4/17/19
Alien Warfare,4/16/19
Sherlock Holmes,4/16/19
The Silence,4/14/19
The Legend of Michael Mishra,4/13/19
Continuum: Season 4: Final Hour,4/9/19
Continuum: Season 4: The Desperate Hours,4/9/19
Rudhramadevi,4/7/19
Continuum: Season 4: Zero Hour,4/6/19
Continuum: Season 4: Power Hour,4/6/19
Continuum: Season 4: Rush Hour,4/6/19
Continuum: Season 4: Lost Hours,4/4/19
Continuum: Season 3: Last Minute,4/4/19
Continuum: Season 3: The Dying Minutes,4/2/19
Continuum: Season 3: 3 Minutes to Midnight,4/1/19
Continuum: Season 3: Revolutions Per Minute,3/31/19
Continuum: Season 3: Minute of Silence,3/30/19
Continuum: Season 3: So Do Our Minutes Hasten,3/30/19
Continuum: Season 3: Waning Minute,3/30/19
Continuum: Season 3: Wasted Minute,3/30/19
Continuum: Season 3: 30 Minutes to Air,3/29/19
Continuum: Season 3: A Minute Changes Everything,3/29/19
Continuum: Season 3: Minute to Win It,3/29/19
Continuum: Season 3: Minute Man,3/28/19
Continuum: Season 3: Minute by Minute,3/28/19
Continuum: Season 2: Second Time,3/27/19
Dear Dad,3/27/19
5 Flights Up,3/27/19
Continuum: Season 2: Second Last,3/25/19
Continuum: Season 2: Second Guess,3/25/19
Continuum: Season 2: Second Wave,3/25/19
Continuum: Season 2: Seconds,3/24/19
Continuum: Season 2: Second Listen,3/24/19
Continuum: Season 2: Second Degree,3/23/19
Continuum: Season 2: Second Truths,3/23/19
Continuum: Season 2: Second Opinion,3/23/19
Continuum: Season 2: Second Skin,3/23/19
Continuum: Season 2: Second Thoughts,3/23/19
Continuum: Season 2: Split Second,3/23/19
Bombairiya,3/22/19
Continuum: Season 2: Second Chances,3/21/19
Continuum: Season 1: End Times,3/21/19
The Indian in the Cupboard,3/21/19
The Notebook,3/21/19
Continuum: Season 1: Family Time,3/20/19
Continuum: Season 1: Game Time,3/20/19
Continuum: Season 1: The Politics Of Time,3/20/19
Bareilly Ki Barfi,3/20/19
Dolphin Tale 2,3/20/19
Bride For Rent,3/20/19
Continuum: Season 1: Time's Up,3/19/19
Continuum: Season 1: A Waste Of Time,3/19/19
Continuum: Season 1: Matter Of Time,3/17/19
Continuum: Season 1: Wasting Time,3/17/19
Continuum: Season 1: Fast Times,3/17/19
Continuum: Season 1: A Stitch In Time,3/17/19
Bedtime Stories,3/16/19
The Protector: Season 1: Episode 10,3/16/19
The Protector: Season 1: Episode 9,3/16/19
The Protector: Season 1: Episode 8,3/16/19
The Protector: Season 1: Episode 7,3/16/19
The Protector: Season 1: Episode 6,3/16/19
The Protector: Season 1: Episode 5,3/16/19
Chennai Express,3/15/19
Music and Lyrics,3/14/19
Triple Frontier,3/13/19
Flash of Genius,3/12/19
Terrorism Close Calls: Season 1: Operation Overt: The Transatlantic Liquid Bomb Plot,3/11/19
Terrorism Close Calls: Season 1: Operation Chevrolet: The Plot to Kill Saudi Ambassador,3/11/19
Workin' Moms: Season 1: Merde,3/11/19
Workin' Moms: Season 1: Bye Bye Kate,3/11/19
Workin' Moms: Season 1: The Coxswain,3/11/19
Workin' Moms: Season 1: Tricky Nipple,3/11/19
The Boy Who Harnessed the Wind,3/11/19
Legally Blonde,3/10/19
Terrorism Close Calls: Season 1: Cargo Bomb Plot,3/10/19
Terrorism Close Calls: Season 1: The Student Bomb Maker,3/10/19
Terrorism Close Calls: Season 1: The NY City Subway Plot,3/9/19
"Ithihas Ki Thali Se: Season 1: Paan, Khichdi,  Ladoo & Patra Ni Macchi",3/9/19
"Ithihas Ki Thali Se: Season 1: Mulligatawny, Modak, Murabba",3/9/19
"Ithihas Ki Thali Se: Season 1: Rasgulla, Jalebi and Payasam",3/9/19
"Ithihas Ki Thali Se: Season 1: Falooda, Idli and Samosa",3/9/19
The Hard Way,3/9/19
Mine,3/8/19
Cricket Fever: Mumbai Indians: Season 1: We Live to See Another Day,3/8/19
Cricket Fever: Mumbai Indians: Season 1: Make or Break,3/8/19
Cricket Fever: Mumbai Indians: Season 1: Put Up a Fight,3/8/19
Cricket Fever: Mumbai Indians: Season 1: Grudge Match,3/8/19
Tidying Up with Marie Kondo: Season 1: Tidying With Toddlers,3/7/19
Mary Kom,3/7/19
Cricket Fever: Mumbai Indians: Season 1: Bad to Worse,3/6/19
Cricket Fever: Mumbai Indians: Season 1: Fearless Cricket,3/6/19
Cricket Fever: Mumbai Indians: Season 1: Superstars vs. Superstars,3/6/19
Cricket Fever: Mumbai Indians: Season 1: Mumbai! Mumbai!,3/6/19
The Umbrella Academy: Season 1: The White Violin,3/6/19
The Umbrella Academy: Season 1: Changes,3/6/19
Evening Shadows,3/6/19
Workin' Moms: Season 1: Popsicle and a Hoop Earring,3/6/19
Workin' Moms: Season 1: Phoenix Rising,3/6/19
Workin' Moms: Season 1: The Wolf and the Rabbit,3/6/19
Bringing Sexy Back: Season 1: Episode 4,3/5/19
Bringing Sexy Back: Season 1: Episode 3,3/5/19
Workin' Moms: Season 1: Sophie's Choice-ish,3/5/19
Workin' Moms: Season 1: Bad Help,3/4/19
Workin' Moms: Season 1: Fem Card,3/4/19
Workin' Moms: Season 1: Rules,3/4/19
Workin' Moms: Season 1: Pilot,3/4/19
Flavorful Origins: Chaoshan Cuisine: Chinese Motherwort,3/4/19
Flavorful Origins: Chaoshan Cuisine: Galangal,3/4/19
Flavorful Origins: Chaoshan Cuisine: Mussels,3/4/19
Flavorful Origins: Chaoshan Cuisine: Fish Ball and Wrapped Fish,3/4/19
Secret Superstar,3/3/19
Indiana Jones and the Last Crusade,3/3/19
Flavorful Origins: Chaoshan Cuisine: Fish Sauce,3/2/19
Flavorful Origins: Chaoshan Cuisine: Meal of Fish,3/2/19
Baahubali: The Beginning (Hindi Version),3/2/19
The Umbrella Academy: Season 1: I Heard a Rumor,3/1/19
The Umbrella Academy: Season 1: The Day That Was,3/1/19
The Umbrella Academy: Season 1: The Day That Wasn't,3/1/19
The Umbrella Academy: Season 1: Number Five,2/28/19
Flavorful Origins: Chaoshan Cuisine: Yusheng,2/28/19
Flavorful Origins: Chaoshan Cuisine: Beef Meatballs,2/28/19
Flavorful Origins: Chaoshan Cuisine: Beef Hot Pot,2/28/19
Flavorful Origins: Chaoshan Cuisine: Tofu Cake,2/28/19
Flavorful Origins: Chaoshan Cuisine: Lei Cha,2/28/19
Flavorful Origins: Chaoshan Cuisine: Chaozhou Mandarin Oranges,2/28/19
Flavorful Origins: Chaoshan Cuisine: Oysters,2/28/19
Flavorful Origins: Chaoshan Cuisine: Seaweed,2/28/19
Flavorful Origins: Chaoshan Cuisine: Preserved Radish,2/28/19
Flavorful Origins: Chaoshan Cuisine: Puning Bean Paste,2/28/19
Flavorful Origins: Chaoshan Cuisine: Brine,2/28/19
Flavorful Origins: Chaoshan Cuisine: Marinated Crab,2/28/19
Flavorful Origins: Chaoshan Cuisine: Hu Tieu,2/28/19
Flavorful Origins: Chaoshan Cuisine: Olives,2/28/19
Period. End of Sentence.,2/28/19
The Umbrella Academy: Season 1: Man on the Moon,2/27/19
The Umbrella Academy: Season 1: Extra Ordinary,2/27/19
Bringing Sexy Back: Season 1: Episode 2,2/27/19
Paddleton,2/27/19
Firebrand,2/26/19
The Umbrella Academy: Season 1: Run Boy Run,2/26/19
The Umbrella Academy: Season 1: We Only See Each Other at Weddings and Funerals,2/26/19
Black Sea,2/25/19
Tanu Weds Manu,2/21/19
Queen,2/19/19
The Conjuring,2/18/19
Friends: Season 1: The One Where the Monkey Gets Away,2/17/19
Friends: Season 1: The One with All the Poker,2/15/19
Friends: Season 1: The One with the Two Parts: Part 2,2/15/19
Friends: Season 1: The One with the Two Parts: Part 1,2/15/19
Friends: Season 1: The One with the Stoned Guy,2/15/19
Friends: Season 1: The One with the Candy Hearts,2/15/19
Friends: Season 1: The One with the Boobies,2/15/19
Friends: Season 1: The One with the Dozen Lasagnas,2/15/19
Friends: Season 1: The One with Mrs. Bing,2/15/19
Friends: Season 1: The One with the Monkey,2/14/19
Friends: Season 1: The One Where Underdog Gets Away,2/14/19
Friends: Season 1: The One Where Nana Dies Twice,2/13/19
Friends: Season 1: The One with the Blackout,2/13/19
Friends: Season 1: The One with the Butt,2/13/19
Friends: Season 1: The One with the East German Laundry Detergent,2/13/19
Friends: Season 1: The One with George Stephanopoulos,2/13/19
Hairspray,2/13/19
Bringing Sexy Back: Season 1: Episode 1,2/11/19
The Edge of Seventeen,2/10/19
Main Hoon Na,2/10/19
"Legally Blonde 2: Red, White & Blonde",2/10/19
Did You Hear About the Morgans?,2/9/19
The Hundred-Foot Journey,2/9/19
Bhool Bhulaiyaa,2/8/19
I Am Vengeance,2/8/19
Budhia Singh: Born to Run,2/7/19
Pine Gap: Season 1: Episode 2,2/7/19
Pine Gap: Season 1: Episode 1,2/7/19
Jab We Met,2/7/19
I Fine... Thank You... Love You,2/7/19
Mona Lisa Smile,2/7/19
Wild Oats,2/7/19
Velvet Buzzsaw,2/7/19
Agatha and the Truth of Murder,2/6/19
Russian Doll: Season 1: Nothing in This World Is Easy,2/6/19
Yummy Mummies: Season 1: Episode 1,2/6/19
In-Lawfully Yours,2/6/19
211,2/5/19
The Office (U.S.): Season 9: Finale,2/5/19
The Incredibles 2,2/4/19
The Office (U.S.): Season 9: A.A.R.M,2/4/19
The Office (U.S.): Season 9: Livin' the Dream,2/4/19
The Office (U.S.): Season 9: Paper Airplane,2/3/19
The Office (U.S.): Season 9: Stairmageddon,2/3/19
The Office (U.S.): Season 9: Promos,2/3/19
The Office (U.S.): Season 9: The Farm,2/3/19
Grace and Frankie: Season 1: The End,2/3/19
Ali's Wedding,2/3/19
The Office (U.S.): Season 9: Moving On,2/3/19
IO,2/3/19
The Office (U.S.): Season 9: Couple's Discount,2/2/19
The Office (U.S.): Season 9: Vandalism,2/2/19
The Office (U.S.): Season 9: Junior Salesman,2/2/19
The Office (U.S.): Season 9: Customer Loyalty,2/2/19
The Office (U.S.): Season 9: Suit Warehouse,2/2/19
The Office (U.S.): Season 9: Lice,2/2/19
The Office (U.S.): Season 9: Dwight Christmas,2/2/19
The Office (U.S.): Season 9: The Target,2/2/19
The Office (U.S.): Season 9: The Whale,2/2/19
The Office (U.S.): Season 9: The Boat,2/1/19
The Office (U.S.): Season 9: Here Comes Treble,2/1/19
The Office (U.S.): Season 9: Work Bus,2/1/19
The Office (U.S.): Season 9: Andy's Ancestry,2/1/19
The Office (U.S.): Season 9: Roy's Wedding,2/1/19
The Office (U.S.): Season 9: New Guys,2/1/19
The Office (U.S.): Season 8: Free Family Portrait Studio,2/1/19
The Office (U.S.): Season 8: Turf War,2/1/19
The Office (U.S.): Season 8: Fundraiser,2/1/19
The Office (U.S.): Season 8: Angry Andy,1/31/19
The Office (U.S.): Season 8: Welcome Party,1/31/19
The Office (U.S.): Season 8: Get the Girl,1/31/19
The Office (U.S.): Season 8: Last Day in Florida,1/31/19
The Office (U.S.): Season 8: Test the Store,1/31/19
The Office (U.S.): Season 8: After Hours,1/31/19
The Office (U.S.): Season 8: Tallahassee,1/31/19
The Office (U.S.): Season 8: Special Project,1/31/19
The Office (U.S.): Season 8: Jury Duty,1/31/19
Grace and Frankie: Season 5: The Alternative,1/31/19
Grace and Frankie: Season 5: The Wedding,1/31/19
Grace and Frankie: Season 5: The Video,1/31/19
Grace and Frankie: Season 5: The Highs,1/31/19
Grace and Frankie: Season 5: The Website,1/30/19
Grace and Frankie: Season 5: The Ceremony,1/30/19
Grace and Frankie: Season 5: The Tremor,1/30/19
Grace and Frankie: Season 5: The Retreat,1/30/19
The Office (U.S.): Season 8: Pool Party,1/30/19
The Office (U.S.): Season 8: Trivia,1/30/19
The Office (U.S.): Season 8: Christmas Wishes,1/30/19
The Office (U.S.): Season 8: Mrs. California,1/30/19
The Office (U.S.): Season 8: Gettysburg,1/30/19
The Office (U.S.): Season 8: Pam's Replacement,1/30/19
The Office (U.S.): Season 8: Doomsday,1/30/19
The Office (U.S.): Season 8: Spooked,1/30/19
Grace and Frankie: Season 5: The Pharmacy,1/29/19
Grace and Frankie: Season 5: The Crosswalk,1/29/19
Grace and Frankie: Season 5: The Aide,1/29/19
Grace and Frankie: Season 5: The Squat,1/29/19
Grace and Frankie: Season 5: The House,1/29/19
Grace and Frankie: Season 4: The Home,1/29/19
Grace and Frankie: Season 4: The Rats,1/29/19
Grace and Frankie: Season 4: The Tub,1/29/19
Grace and Frankie: Season 4: The Death Stick,1/29/19
Grace and Frankie: Season 4: The Knee,1/29/19
Grace and Frankie: Season 4: The Lockdown,1/29/19
Grace and Frankie: Season 4: The Landline,1/27/19
Grace and Frankie: Season 4: The Hinge,1/27/19
Grace and Frankie: Season 4: The Pop-Ups,1/27/19
Grace and Frankie: Season 4: The Expiration Date,1/27/19
Grace and Frankie: Season 4: The Tappys,1/27/19
Grace and Frankie: Season 4: The Scavengender Hunt,1/27/19
The Office (U.S.): Season 8: Garden Party,1/27/19
The Office (U.S.): Season 8: Lotto,1/27/19
The Office (U.S.): Season 8: The Incentive,1/27/19
The Office (U.S.): Season 8: The List,1/27/19
The Office (U.S.): Season 7: Search Committee: Part 2,1/27/19
The Office (U.S.): Season 7: Search Committee: Part 1,1/27/19
"The Office (U.S.): Season 7: Dwight K. Schrute, (Acting) Manager",1/27/19
The Office (U.S.): Season 7: The Inner Circle,1/27/19
"The Office (U.S.): Season 7: Goodbye, Michael",1/27/19
The Office (U.S.): Season 7: Michael's Last Dundies,1/27/19
The Office (U.S.): Season 7: Training Day,1/27/19
The Office (U.S.): Season 7: Garage Sale,1/27/19
The Office (U.S.): Season 7: Todd Packer,1/27/19
The Office (U.S.): Season 7: Threat Level Midnight,1/26/19
The Office (U.S.): Season 7: PDA,1/26/19
The Office (U.S.): Season 7: The Search,1/26/19
The Office (U.S.): Season 7: The Seminar,1/26/19
The Office (U.S.): Season 7: Ultimatum,1/26/19
The Office (U.S.): Season 7: Classy Christmas: Part 2,1/26/19
The Office (U.S.): Season 7: Classy Christmas: Part 1,1/26/19
The Office (U.S.): Season 7: China,1/26/19
The Office (U.S.): Season 7: WUPHF.com,1/26/19
The Office (U.S.): Season 7: Viewing Party,1/26/19
Singham,1/25/19
The Office (U.S.): Season 7: Christening,1/24/19
The Office (U.S.): Season 7: Costume Contest,1/24/19
The Office (U.S.): Season 7: The Sting,1/24/19
The Office (U.S.): Season 7: Sex Ed,1/24/19
A Wednesday,1/23/19
The Office (U.S.): Season 7: Andy's Play,1/23/19
The Office (U.S.): Season 7: Counseling,1/22/19
Grace and Frankie: Season 4: The Lodger,1/22/19
Grace and Frankie: Season 2: The Road Trip,1/22/19
Baazaar,1/21/19
The Office (U.S.): Season 7: Nepotism,1/21/19
The Office (U.S.): Season 6: Whistleblower,1/21/19
Bird Box,1/20/19
The Office (U.S.): Season 6: The Chump,1/19/19
The Office (U.S.): Season 6: The Cover-Up,1/19/19
The Office (U.S.): Season 6: Body Language,1/19/19
The Office (U.S.): Season 6: Secretary's Day,1/19/19
The Office (U.S.): Season 6: Happy Hour,1/19/19
The Last Laugh,1/18/19
The Office (U.S.): Season 6: New Leads,1/17/19
The Office (U.S.): Season 6: St. Patrick's Day,1/17/19
The Office (U.S.): Season 6: Delivery: Part 2,1/17/19
The Office (U.S.): Season 6: Delivery: Part 1,1/17/19
The Office (U.S.): Season 6: Manager and the Salesman,1/17/19
The Office (U.S.): Season 6: Sabre,1/17/19
The Office (U.S.): Season 6: The Banker,1/16/19
The Office (U.S.): Season 6: Secret Santa,1/16/19
The Office (U.S.): Season 6: Scott's Tots,1/16/19
The Office (U.S.): Season 6: Shareholder Meeting,1/16/19
The Office (U.S.): Season 6: Murder,1/16/19
Monster-in-Law,1/16/19
I Don't Know How She Does It,1/15/19
The Office (U.S.): Season 6: Double Date,1/15/19
The Office (U.S.): Season 6: Koi Pond,1/15/19
The Office (U.S.): Season 6: The Lover,1/15/19
The Office (U.S.): Season 6: Mafia,1/14/19
The Office (U.S.): Season 6: Niagara: Part 2,1/14/19
The Office (U.S.): Season 6: Niagara: Part 1,1/14/19
The Office (U.S.): Season 6: The Promotion,1/14/19
The Office (U.S.): Season 6: The Meeting,1/14/19
It Takes Two,1/14/19
The Office (U.S.): Season 6: Gossip,1/13/19
The Office (U.S.): Season 5: Company Picnic,1/13/19
Indiana Jones and the Kingdom of the Crystal Skull,1/13/19
Bad Seeds,1/13/19
The Office (U.S.): Season 5: Cafe Disco,1/12/19
The Office (U.S.): Season 5: Casual Friday,1/12/19
The Office (U.S.): Season 5: Broke,1/12/19
The Office (U.S.): Season 5: Heavy Competition,1/12/19
The Office (U.S.): Season 5: Michael Scott Paper Company,1/12/19
The Office (U.S.): Season 5: Dream Team,1/12/19
The Office (U.S.): Season 5: Two Weeks,1/12/19
The Office (U.S.): Season 5: New Boss,1/12/19
The Office (U.S.): Season 5: Golden Ticket,1/12/19
The Office (U.S.): Season 5: Blood Drive,1/12/19
Soorma,1/11/19
Pahuna,1/11/19
The Office (U.S.): Season 5: Lecture Circuit: Part 2,1/10/19
The Office (U.S.): Season 5: Lecture Circuit: Part 1,1/10/19
The Office (U.S.): Season 5: Stress Relief: Part 2,1/10/19
The Office (U.S.): Season 5: Stress Relief: Part 1,1/10/19
The Office (U.S.): Season 5: Prince Family Paper,1/10/19
The Office (U.S.): Season 5: The Duel,1/10/19
The Office (U.S.): Season 5: Moroccan Christmas,1/10/19
The Office (U.S.): Season 5: The Surplus,1/10/19
The Office (U.S.): Season 5: Frame Toby,1/10/19
The Office (U.S.): Season 5: Business Trip,1/10/19
Taare Zameen Par,1/10/19
Happy Feet,1/10/19
Comedians in Cars Getting Coffee: New 2018: Freshly Brewed: Zach Galifianakis: From The Third Reich To You,1/10/19
Selection Day: Season 1: Episode 6,1/10/19
Selection Day: Season 1: Episode 5,1/10/19
Selection Day: Season 1: Episode 4,1/10/19
The Office (U.S.): Season 5: Customer Survey,1/9/19
The Office (U.S.): Season 5: Employee Transfer,1/9/19
The Office (U.S.): Season 5: Crime Aid,1/9/19
The Office (U.S.): Season 5: Baby Shower,1/9/19
The Office (U.S.): Season 5: Business Ethics,1/9/19
The Office (U.S.): Season 5: Weight Loss: Part 2,1/9/19
The Office (U.S.): Season 5: Weight Loss: Part 1,1/9/19
"The Office (U.S.): Season 4: Goodbye, Toby",1/9/19
The Office (U.S.): Season 4: Job Fair,1/8/19
The Office (U.S.): Season 4: Did I Stutter,1/8/19
The Office (U.S.): Season 4: Night Out,1/8/19
The Office (U.S.): Season 4: The Chair Model,1/8/19
The Office (U.S.): Season 4: Dinner Party,1/8/19
The Office (U.S.): Season 4: The Deposition,1/8/19
The Office (U.S.): Season 4: Survivor Man,1/8/19
The Office (U.S.): Season 4: Branch Wars,1/7/19
The Office (U.S.): Season 4: Local Ad,1/7/19
The Office (U.S.): Season 4: Money,1/7/19
The Office (U.S.): Season 4: Launch Party,1/7/19
The Office (U.S.): Season 4: Dunder Mifflin Infinity,1/7/19
The Office (U.S.): Season 4: Fun Run,1/6/19
The Office (U.S.): Season 3: The Job,1/6/19
Selection Day: Season 1: Episode 3,1/6/19
Selection Day: Season 1: Episode 2,1/6/19
The Office (U.S.): Season 3: Beach Games,1/6/19
The Office (U.S.): Season 3: Women's Appreciation,1/6/19
The Office (U.S.): Season 3: Product Recall,1/6/19
Bean: The Ultimate Disaster Movie,1/4/19
Kai Po Che!,1/4/19
Rip Tide,1/4/19
The Office (U.S.): Season 3: Safety Training,1/4/19
The Office (U.S.): Season 3: The Negotiation,1/4/19
The Office (U.S.): Season 3: Cocktails,1/4/19
The Office (U.S.): Season 3: Business School,1/4/19
The Office (U.S.): Season 3: Phyllis's Wedding,1/4/19
The Office (U.S.): Season 3: Ben Franklin,1/4/19
The Office (U.S.): Season 3: The Return,1/3/19
The Office (U.S.): Season 3: Traveling Salesmen,1/3/19
The Office (U.S.): Season 3: Back from Vacation,1/3/19
The Office (U.S.): Season 3: A Benihana Christmas,1/3/19
The Office (U.S.): Season 3: The Convict,1/3/19
The Office (U.S.): Season 3: The Merger,1/2/19
The Office (U.S.): Season 3: Branch Closing,1/2/19
The Office (U.S.): Season 3: Diwali,1/2/19
The Office (U.S.): Season 3: Initiation,1/2/19
The Office (U.S.): Season 3: Grief Counseling,1/2/19
Selection Day: Season 1: Episode 1,1/2/19
Ready,1/1/19
The Office (U.S.): Season 3: The Coup,1/1/19
The Office (U.S.): Season 3: The Convention,1/1/19
The Office (U.S.): Season 3: Gay Witch Hunt,1/1/19
The Office (U.S.): Season 2: Casino Night,1/1/19
The Office (U.S.): Season 2: Conflict Resolution,1/1/19
The Office (U.S.): Season 2: Drug Testing,1/1/19
The Office (U.S.): Season 2: Michael's Birthday,1/1/19
The Office (U.S.): Season 2: Take Your Daughter to Work Day,1/1/19
The Office (U.S.): Season 2: Dwight's Speech,1/1/19
The Office (U.S.): Season 2: Valentine's Day,1/1/19
The Office (U.S.): Season 2: Boys and Girls,1/1/19
The Office (U.S.): Season 2: The Carpet,1/1/19
The Office (U.S.): Season 2: The Secret,1/1/19